"ID","block","Pr_corr","condition"
1,1,0.428571428571429,"2cat"
1,2,0.571428571428571,"2cat"
1,3,0.571428571428571,"2cat"
1,4,0.357142857142857,"2cat"
1,5,0.642857142857143,"2cat"
1,6,0.571428571428571,"2cat"
1,7,0.357142857142857,"2cat"
1,8,0.571428571428571,"2cat"
1,9,0.5,"2cat"
1,10,0.5,"2cat"
2,1,0.642857142857143,"2cat"
2,2,0.857142857142857,"2cat"
2,3,0.785714285714286,"2cat"
2,4,0.642857142857143,"2cat"
2,5,0.571428571428571,"2cat"
2,6,0.785714285714286,"2cat"
2,7,0.714285714285714,"2cat"
2,8,0.714285714285714,"2cat"
2,9,0.714285714285714,"2cat"
2,10,0.642857142857143,"2cat"
3,1,0.642857142857143,"2cat"
3,2,0.642857142857143,"2cat"
3,3,0.714285714285714,"2cat"
3,4,0.642857142857143,"2cat"
3,5,0.642857142857143,"2cat"
3,6,0.571428571428571,"2cat"
3,7,0.785714285714286,"2cat"
3,8,0.642857142857143,"2cat"
3,9,0.714285714285714,"2cat"
3,10,0.714285714285714,"2cat"
4,1,0.785714285714286,"2cat"
4,2,0.642857142857143,"2cat"
4,3,0.714285714285714,"2cat"
4,4,0.714285714285714,"2cat"
4,5,0.714285714285714,"2cat"
4,6,0.857142857142857,"2cat"
4,7,0.857142857142857,"2cat"
4,8,0.857142857142857,"2cat"
4,9,0.714285714285714,"2cat"
4,10,0.928571428571429,"2cat"
5,1,0.714285714285714,"2cat"
5,2,0.571428571428571,"2cat"
5,3,0.714285714285714,"2cat"
5,4,0.785714285714286,"2cat"
5,5,0.714285714285714,"2cat"
5,6,0.785714285714286,"2cat"
5,7,0.714285714285714,"2cat"
5,8,0.857142857142857,"2cat"
5,9,0.785714285714286,"2cat"
5,10,0.857142857142857,"2cat"
6,1,0.571428571428571,"2cat"
6,2,0.857142857142857,"2cat"
6,3,0.642857142857143,"2cat"
6,4,0.714285714285714,"2cat"
6,5,0.857142857142857,"2cat"
6,6,1,"2cat"
6,7,0.928571428571429,"2cat"
6,8,1,"2cat"
6,9,1,"2cat"
6,10,1,"2cat"
7,1,0.571428571428571,"2cat"
7,2,0.5,"2cat"
7,3,0.785714285714286,"2cat"
7,4,0.571428571428571,"2cat"
7,5,0.857142857142857,"2cat"
7,6,0.785714285714286,"2cat"
7,7,0.785714285714286,"2cat"
7,8,0.714285714285714,"2cat"
7,9,0.642857142857143,"2cat"
7,10,0.714285714285714,"2cat"
8,1,0.642857142857143,"2cat"
8,2,0.857142857142857,"2cat"
8,3,0.785714285714286,"2cat"
8,4,0.642857142857143,"2cat"
8,5,0.642857142857143,"2cat"
8,6,0.642857142857143,"2cat"
8,7,0.357142857142857,"2cat"
8,8,0.428571428571429,"2cat"
8,9,0.928571428571429,"2cat"
8,10,0.642857142857143,"2cat"
9,1,0.642857142857143,"2cat"
9,2,0.714285714285714,"2cat"
9,3,0.857142857142857,"2cat"
9,4,0.642857142857143,"2cat"
9,5,0.785714285714286,"2cat"
9,6,0.714285714285714,"2cat"
9,7,0.785714285714286,"2cat"
9,8,0.857142857142857,"2cat"
9,9,0.785714285714286,"2cat"
9,10,0.857142857142857,"2cat"
10,1,0.428571428571429,"2cat"
10,2,0.285714285714286,"2cat"
10,3,0.714285714285714,"2cat"
10,4,0.857142857142857,"2cat"
10,5,0.642857142857143,"2cat"
10,6,0.785714285714286,"2cat"
10,7,0.785714285714286,"2cat"
10,8,0.714285714285714,"2cat"
10,9,0.857142857142857,"2cat"
10,10,0.571428571428571,"2cat"
11,1,0.714285714285714,"2cat"
11,2,0.642857142857143,"2cat"
11,3,0.714285714285714,"2cat"
11,4,0.785714285714286,"2cat"
11,5,0.714285714285714,"2cat"
11,6,0.785714285714286,"2cat"
11,7,0.857142857142857,"2cat"
11,8,0.785714285714286,"2cat"
11,9,0.785714285714286,"2cat"
11,10,0.642857142857143,"2cat"
12,1,0.785714285714286,"2cat"
12,2,0.785714285714286,"2cat"
12,3,0.785714285714286,"2cat"
12,4,0.785714285714286,"2cat"
12,5,0.857142857142857,"2cat"
12,6,0.857142857142857,"2cat"
12,7,0.928571428571429,"2cat"
12,8,0.928571428571429,"2cat"
12,9,0.857142857142857,"2cat"
12,10,0.928571428571429,"2cat"
13,1,0.714285714285714,"2cat"
13,2,0.642857142857143,"2cat"
13,3,0.714285714285714,"2cat"
13,4,0.785714285714286,"2cat"
13,5,0.714285714285714,"2cat"
13,6,0.714285714285714,"2cat"
13,7,0.857142857142857,"2cat"
13,8,0.785714285714286,"2cat"
13,9,0.857142857142857,"2cat"
13,10,1,"2cat"
14,1,0.642857142857143,"2cat"
14,2,0.785714285714286,"2cat"
14,3,0.642857142857143,"2cat"
14,4,0.714285714285714,"2cat"
14,5,0.785714285714286,"2cat"
14,6,0.928571428571429,"2cat"
14,7,0.714285714285714,"2cat"
14,8,0.785714285714286,"2cat"
14,9,0.714285714285714,"2cat"
14,10,0.857142857142857,"2cat"
15,1,0.428571428571429,"2cat"
15,2,0.571428571428571,"2cat"
15,3,0.714285714285714,"2cat"
15,4,0.714285714285714,"2cat"
15,5,0.714285714285714,"2cat"
15,6,0.785714285714286,"2cat"
15,7,0.642857142857143,"2cat"
15,8,0.642857142857143,"2cat"
15,9,0.642857142857143,"2cat"
15,10,0.714285714285714,"2cat"
16,1,0.642857142857143,"2cat"
16,2,0.785714285714286,"2cat"
16,3,0.857142857142857,"2cat"
16,4,0.857142857142857,"2cat"
16,5,0.714285714285714,"2cat"
16,6,0.857142857142857,"2cat"
16,7,0.785714285714286,"2cat"
16,8,0.928571428571429,"2cat"
16,9,0.857142857142857,"2cat"
16,10,0.857142857142857,"2cat"
17,1,0.642857142857143,"2cat"
17,2,0.5,"2cat"
17,3,0.642857142857143,"2cat"
17,4,0.785714285714286,"2cat"
17,5,0.785714285714286,"2cat"
17,6,0.785714285714286,"2cat"
17,7,0.642857142857143,"2cat"
17,8,0.714285714285714,"2cat"
17,9,0.785714285714286,"2cat"
17,10,0.785714285714286,"2cat"
18,1,0.785714285714286,"2cat"
18,2,0.714285714285714,"2cat"
18,3,0.714285714285714,"2cat"
18,4,0.571428571428571,"2cat"
18,5,0.857142857142857,"2cat"
18,6,0.857142857142857,"2cat"
18,7,0.785714285714286,"2cat"
18,8,0.928571428571429,"2cat"
18,9,0.714285714285714,"2cat"
18,10,0.785714285714286,"2cat"
19,1,0.285714285714286,"2cat"
19,2,0.571428571428571,"2cat"
19,3,0.571428571428571,"2cat"
19,4,0.642857142857143,"2cat"
19,5,0.571428571428571,"2cat"
19,6,0.785714285714286,"2cat"
19,7,0.428571428571429,"2cat"
19,8,0.714285714285714,"2cat"
19,9,0.714285714285714,"2cat"
19,10,0.714285714285714,"2cat"
20,1,0.571428571428571,"2cat"
20,2,0.714285714285714,"2cat"
20,3,0.571428571428571,"2cat"
20,4,0.571428571428571,"2cat"
20,5,0.571428571428571,"2cat"
20,6,0.714285714285714,"2cat"
20,7,0.642857142857143,"2cat"
20,8,0.785714285714286,"2cat"
20,9,0.714285714285714,"2cat"
20,10,0.928571428571429,"2cat"
21,1,0.285714285714286,"2cat"
21,2,0.571428571428571,"2cat"
21,3,0.642857142857143,"2cat"
21,4,0.785714285714286,"2cat"
21,5,0.785714285714286,"2cat"
21,6,0.785714285714286,"2cat"
21,7,0.714285714285714,"2cat"
21,8,0.785714285714286,"2cat"
21,9,0.785714285714286,"2cat"
21,10,0.785714285714286,"2cat"
22,1,0.714285714285714,"2cat"
22,2,0.642857142857143,"2cat"
22,3,0.857142857142857,"2cat"
22,4,0.857142857142857,"2cat"
22,5,0.785714285714286,"2cat"
22,6,0.571428571428571,"2cat"
22,7,0.785714285714286,"2cat"
22,8,0.785714285714286,"2cat"
22,9,0.785714285714286,"2cat"
22,10,0.642857142857143,"2cat"
23,1,0.5,"2cat"
23,2,0.928571428571429,"2cat"
23,3,0.714285714285714,"2cat"
23,4,0.857142857142857,"2cat"
23,5,0.928571428571429,"2cat"
23,6,1,"2cat"
23,7,1,"2cat"
23,8,1,"2cat"
23,9,1,"2cat"
23,10,1,"2cat"
24,1,0.857142857142857,"2cat"
24,2,0.714285714285714,"2cat"
24,3,0.642857142857143,"2cat"
24,4,0.714285714285714,"2cat"
24,5,0.642857142857143,"2cat"
24,6,0.714285714285714,"2cat"
24,7,0.785714285714286,"2cat"
24,8,0.5,"2cat"
24,9,0.714285714285714,"2cat"
24,10,0.714285714285714,"2cat"
25,1,0.571428571428571,"2cat"
25,2,0.642857142857143,"2cat"
25,3,0.785714285714286,"2cat"
25,4,0.714285714285714,"2cat"
25,5,0.928571428571429,"2cat"
25,6,0.857142857142857,"2cat"
25,7,0.857142857142857,"2cat"
25,8,0.714285714285714,"2cat"
25,9,0.571428571428571,"2cat"
25,10,0.857142857142857,"2cat"
26,1,0.642857142857143,"2cat"
26,2,0.642857142857143,"2cat"
26,3,0.785714285714286,"2cat"
26,4,0.785714285714286,"2cat"
26,5,0.714285714285714,"2cat"
26,6,0.785714285714286,"2cat"
26,7,0.642857142857143,"2cat"
26,8,0.785714285714286,"2cat"
26,9,0.857142857142857,"2cat"
26,10,0.857142857142857,"2cat"
27,1,0.642857142857143,"2cat"
27,2,0.857142857142857,"2cat"
27,3,0.857142857142857,"2cat"
27,4,0.785714285714286,"2cat"
27,5,0.714285714285714,"2cat"
27,6,0.928571428571429,"2cat"
27,7,0.857142857142857,"2cat"
27,8,0.857142857142857,"2cat"
27,9,0.857142857142857,"2cat"
27,10,0.785714285714286,"2cat"
28,1,0.714285714285714,"2cat"
28,2,0.714285714285714,"2cat"
28,3,0.785714285714286,"2cat"
28,4,0.642857142857143,"2cat"
28,5,0.857142857142857,"2cat"
28,6,0.714285714285714,"2cat"
28,7,0.571428571428571,"2cat"
28,8,0.928571428571429,"2cat"
28,9,0.928571428571429,"2cat"
28,10,0.857142857142857,"2cat"
29,1,0.642857142857143,"2cat"
29,2,0.428571428571429,"2cat"
29,3,0.571428571428571,"2cat"
29,4,0.714285714285714,"2cat"
29,5,0.642857142857143,"2cat"
29,6,0.785714285714286,"2cat"
29,7,0.857142857142857,"2cat"
29,8,0.785714285714286,"2cat"
29,9,0.857142857142857,"2cat"
29,10,0.857142857142857,"2cat"
30,1,0.357142857142857,"2cat"
30,2,0.642857142857143,"2cat"
30,3,0.5,"2cat"
30,4,0.714285714285714,"2cat"
30,5,0.714285714285714,"2cat"
30,6,0.642857142857143,"2cat"
30,7,0.642857142857143,"2cat"
30,8,0.642857142857143,"2cat"
30,9,0.5,"2cat"
30,10,0.571428571428571,"2cat"
31,1,0.642857142857143,"2cat"
31,2,0.428571428571429,"2cat"
31,3,0.785714285714286,"2cat"
31,4,0.357142857142857,"2cat"
31,5,0.714285714285714,"2cat"
31,6,0.714285714285714,"2cat"
31,7,0.857142857142857,"2cat"
31,8,0.642857142857143,"2cat"
31,9,0.714285714285714,"2cat"
31,10,0.785714285714286,"2cat"
32,1,0.785714285714286,"2cat"
32,2,0.642857142857143,"2cat"
32,3,0.785714285714286,"2cat"
32,4,0.857142857142857,"2cat"
32,5,0.785714285714286,"2cat"
32,6,0.571428571428571,"2cat"
32,7,0.857142857142857,"2cat"
32,8,0.785714285714286,"2cat"
32,9,0.857142857142857,"2cat"
32,10,0.714285714285714,"2cat"
33,1,0.5,"2cat"
33,2,0.857142857142857,"2cat"
33,3,0.785714285714286,"2cat"
33,4,0.785714285714286,"2cat"
33,5,0.5,"2cat"
33,6,0.714285714285714,"2cat"
33,7,0.857142857142857,"2cat"
33,8,0.928571428571429,"2cat"
33,9,0.785714285714286,"2cat"
33,10,0.785714285714286,"2cat"
34,1,0.642857142857143,"2cat"
34,2,0.714285714285714,"2cat"
34,3,0.857142857142857,"2cat"
34,4,0.785714285714286,"2cat"
34,5,0.714285714285714,"2cat"
34,6,0.857142857142857,"2cat"
34,7,0.857142857142857,"2cat"
34,8,0.857142857142857,"2cat"
34,9,0.785714285714286,"2cat"
34,10,0.785714285714286,"2cat"
35,1,0.642857142857143,"2cat"
35,2,0.642857142857143,"2cat"
35,3,0.642857142857143,"2cat"
35,4,0.285714285714286,"2cat"
35,5,0.571428571428571,"2cat"
35,6,0.642857142857143,"2cat"
35,7,0.714285714285714,"2cat"
35,8,0.785714285714286,"2cat"
35,9,0.785714285714286,"2cat"
35,10,0.714285714285714,"2cat"
36,1,0.642857142857143,"2cat"
36,2,0.785714285714286,"2cat"
36,3,0.857142857142857,"2cat"
36,4,0.857142857142857,"2cat"
36,5,0.785714285714286,"2cat"
36,6,0.785714285714286,"2cat"
36,7,0.928571428571429,"2cat"
36,8,0.785714285714286,"2cat"
36,9,0.928571428571429,"2cat"
36,10,0.714285714285714,"2cat"
37,1,0.714285714285714,"2cat"
37,2,0.714285714285714,"2cat"
37,3,0.5,"2cat"
37,4,0.928571428571429,"2cat"
37,5,1,"2cat"
37,6,1,"2cat"
37,7,1,"2cat"
37,8,1,"2cat"
37,9,1,"2cat"
37,10,1,"2cat"
38,1,0.785714285714286,"2cat"
38,2,0.785714285714286,"2cat"
38,3,0.785714285714286,"2cat"
38,4,0.928571428571429,"2cat"
38,5,0.571428571428571,"2cat"
38,6,0.928571428571429,"2cat"
38,7,0.857142857142857,"2cat"
38,8,0.928571428571429,"2cat"
38,9,0.928571428571429,"2cat"
38,10,0.857142857142857,"2cat"
39,1,0.714285714285714,"2cat"
39,2,0.714285714285714,"2cat"
39,3,0.428571428571429,"2cat"
39,4,0.785714285714286,"2cat"
39,5,0.714285714285714,"2cat"
39,6,0.642857142857143,"2cat"
39,7,0.642857142857143,"2cat"
39,8,0.571428571428571,"2cat"
39,9,0.642857142857143,"2cat"
39,10,0.714285714285714,"2cat"
40,1,0.571428571428571,"2cat"
40,2,0.571428571428571,"2cat"
40,3,0.714285714285714,"2cat"
40,4,0.785714285714286,"2cat"
40,5,0.785714285714286,"2cat"
40,6,0.785714285714286,"2cat"
40,7,0.714285714285714,"2cat"
40,8,0.785714285714286,"2cat"
40,9,0.785714285714286,"2cat"
40,10,0.785714285714286,"2cat"
41,1,0.5,"2cat"
41,2,0.785714285714286,"2cat"
41,3,0.714285714285714,"2cat"
41,4,0.785714285714286,"2cat"
41,5,0.928571428571429,"2cat"
41,6,0.928571428571429,"2cat"
41,7,0.928571428571429,"2cat"
41,8,0.928571428571429,"2cat"
41,9,0.785714285714286,"2cat"
41,10,0.857142857142857,"2cat"
42,1,0.714285714285714,"2cat"
42,2,0.714285714285714,"2cat"
42,3,0.714285714285714,"2cat"
42,4,0.785714285714286,"2cat"
42,5,0.571428571428571,"2cat"
42,6,0.785714285714286,"2cat"
42,7,0.785714285714286,"2cat"
42,8,0.785714285714286,"2cat"
42,9,0.857142857142857,"2cat"
42,10,0.642857142857143,"2cat"
43,1,0.714285714285714,"2cat"
43,2,0.714285714285714,"2cat"
43,3,0.428571428571429,"2cat"
43,4,0.571428571428571,"2cat"
43,5,0.642857142857143,"2cat"
43,6,0.785714285714286,"2cat"
43,7,1,"2cat"
43,8,0.642857142857143,"2cat"
43,9,0.714285714285714,"2cat"
43,10,0.642857142857143,"2cat"
44,1,0.428571428571429,"2cat"
44,2,0.928571428571429,"2cat"
44,3,0.714285714285714,"2cat"
44,4,0.857142857142857,"2cat"
44,5,0.857142857142857,"2cat"
44,6,0.785714285714286,"2cat"
44,7,0.928571428571429,"2cat"
44,8,0.928571428571429,"2cat"
44,9,0.785714285714286,"2cat"
44,10,0.642857142857143,"2cat"
45,1,0.428571428571429,"2cat"
45,2,0.714285714285714,"2cat"
45,3,0.642857142857143,"2cat"
45,4,0.785714285714286,"2cat"
45,5,0.714285714285714,"2cat"
45,6,0.785714285714286,"2cat"
45,7,0.714285714285714,"2cat"
45,8,0.785714285714286,"2cat"
45,9,0.928571428571429,"2cat"
45,10,0.785714285714286,"2cat"
46,1,0.714285714285714,"2cat"
46,2,0.785714285714286,"2cat"
46,3,0.571428571428571,"2cat"
46,4,0.642857142857143,"2cat"
46,5,0.928571428571429,"2cat"
46,6,0.642857142857143,"2cat"
46,7,0.785714285714286,"2cat"
46,8,0.785714285714286,"2cat"
46,9,0.857142857142857,"2cat"
46,10,1,"2cat"
47,1,0.785714285714286,"2cat"
47,2,0.785714285714286,"2cat"
47,3,0.928571428571429,"2cat"
47,4,0.571428571428571,"2cat"
47,5,0.785714285714286,"2cat"
47,6,0.857142857142857,"2cat"
47,7,0.857142857142857,"2cat"
47,8,0.714285714285714,"2cat"
47,9,0.714285714285714,"2cat"
47,10,0.857142857142857,"2cat"
48,1,0.642857142857143,"2cat"
48,2,0.714285714285714,"2cat"
48,3,0.642857142857143,"2cat"
48,4,0.357142857142857,"2cat"
48,5,0.5,"2cat"
48,6,0.785714285714286,"2cat"
48,7,0.785714285714286,"2cat"
48,8,0.428571428571429,"2cat"
48,9,0.642857142857143,"2cat"
48,10,0.5,"2cat"
49,1,0.571428571428571,"2cat"
49,2,0.785714285714286,"2cat"
49,3,0.428571428571429,"2cat"
49,4,0.785714285714286,"2cat"
49,5,0.785714285714286,"2cat"
49,6,0.714285714285714,"2cat"
49,7,0.785714285714286,"2cat"
49,8,0.714285714285714,"2cat"
49,9,0.714285714285714,"2cat"
49,10,0.571428571428571,"2cat"
50,1,0.571428571428571,"2cat"
50,2,0.5,"2cat"
50,3,0.714285714285714,"2cat"
50,4,0.714285714285714,"2cat"
50,5,0.857142857142857,"2cat"
50,6,0.785714285714286,"2cat"
50,7,0.785714285714286,"2cat"
50,8,1,"2cat"
50,9,0.857142857142857,"2cat"
50,10,0.857142857142857,"2cat"
51,1,0.642857142857143,"2cat"
51,2,0.857142857142857,"2cat"
51,3,0.785714285714286,"2cat"
51,4,0.928571428571429,"2cat"
51,5,1,"2cat"
51,6,1,"2cat"
51,7,1,"2cat"
51,8,1,"2cat"
51,9,1,"2cat"
51,10,1,"2cat"
52,1,0.785714285714286,"2cat"
52,2,0.642857142857143,"2cat"
52,3,0.857142857142857,"2cat"
52,4,0.928571428571429,"2cat"
52,5,1,"2cat"
52,6,1,"2cat"
52,7,1,"2cat"
52,8,1,"2cat"
52,9,1,"2cat"
52,10,1,"2cat"
53,1,0.571428571428571,"2cat"
53,2,0.5,"2cat"
53,3,0.785714285714286,"2cat"
53,4,0.714285714285714,"2cat"
53,5,0.714285714285714,"2cat"
53,6,0.857142857142857,"2cat"
53,7,0.857142857142857,"2cat"
53,8,0.785714285714286,"2cat"
53,9,0.785714285714286,"2cat"
53,10,0.857142857142857,"2cat"
54,1,0.785714285714286,"2cat"
54,2,0.785714285714286,"2cat"
54,3,0.785714285714286,"2cat"
54,4,0.714285714285714,"2cat"
54,5,0.785714285714286,"2cat"
54,6,0.642857142857143,"2cat"
54,7,0.785714285714286,"2cat"
54,8,0.642857142857143,"2cat"
54,9,0.714285714285714,"2cat"
54,10,0.714285714285714,"2cat"
55,1,0.357142857142857,"2cat"
55,2,0.285714285714286,"2cat"
55,3,0.785714285714286,"2cat"
55,4,0.928571428571429,"2cat"
55,5,0.642857142857143,"2cat"
55,6,0.714285714285714,"2cat"
55,7,0.785714285714286,"2cat"
55,8,0.714285714285714,"2cat"
55,9,0.785714285714286,"2cat"
55,10,0.785714285714286,"2cat"
56,1,0.5,"2cat"
56,2,0.428571428571429,"2cat"
56,3,0.642857142857143,"2cat"
56,4,0.642857142857143,"2cat"
56,5,0.714285714285714,"2cat"
56,6,0.571428571428571,"2cat"
56,7,0.714285714285714,"2cat"
56,8,0.714285714285714,"2cat"
56,9,0.857142857142857,"2cat"
56,10,0.857142857142857,"2cat"
57,1,0.571428571428571,"2cat"
57,2,0.714285714285714,"2cat"
57,3,0.785714285714286,"2cat"
57,4,0.714285714285714,"2cat"
57,5,0.642857142857143,"2cat"
57,6,0.428571428571429,"2cat"
57,7,0.642857142857143,"2cat"
57,8,0.5,"2cat"
57,9,0.785714285714286,"2cat"
57,10,0.5,"2cat"
58,1,0.428571428571429,"2cat"
58,2,0.785714285714286,"2cat"
58,3,0.857142857142857,"2cat"
58,4,0.857142857142857,"2cat"
58,5,0.857142857142857,"2cat"
58,6,0.785714285714286,"2cat"
58,7,0.857142857142857,"2cat"
58,8,0.928571428571429,"2cat"
58,9,0.928571428571429,"2cat"
58,10,0.857142857142857,"2cat"
59,1,0.857142857142857,"2cat"
59,2,0.785714285714286,"2cat"
59,3,0.714285714285714,"2cat"
59,4,0.785714285714286,"2cat"
59,5,0.785714285714286,"2cat"
59,6,0.785714285714286,"2cat"
59,7,0.785714285714286,"2cat"
59,8,0.714285714285714,"2cat"
59,9,0.785714285714286,"2cat"
59,10,0.785714285714286,"2cat"
60,1,0.5,"2cat"
60,2,0.785714285714286,"2cat"
60,3,0.857142857142857,"2cat"
60,4,0.857142857142857,"2cat"
60,5,0.785714285714286,"2cat"
60,6,0.857142857142857,"2cat"
60,7,0.857142857142857,"2cat"
60,8,0.857142857142857,"2cat"
60,9,0.785714285714286,"2cat"
60,10,0.928571428571429,"2cat"
61,1,0.428571428571429,"2cat"
61,2,0.571428571428571,"2cat"
61,3,0.642857142857143,"2cat"
61,4,0.714285714285714,"2cat"
61,5,0.714285714285714,"2cat"
61,6,0.642857142857143,"2cat"
61,7,0.785714285714286,"2cat"
61,8,0.857142857142857,"2cat"
61,9,0.785714285714286,"2cat"
61,10,1,"2cat"
62,1,0.142857142857143,"4cat"
62,2,0.285714285714286,"4cat"
62,3,0.285714285714286,"4cat"
62,4,0.571428571428571,"4cat"
62,5,0.714285714285714,"4cat"
62,6,0.642857142857143,"4cat"
62,7,0.642857142857143,"4cat"
62,8,0.857142857142857,"4cat"
62,9,0.928571428571429,"4cat"
62,10,1,"4cat"
63,1,0.285714285714286,"4cat"
63,2,0.0714285714285714,"4cat"
63,3,0.285714285714286,"4cat"
63,4,0.357142857142857,"4cat"
63,5,0.357142857142857,"4cat"
63,6,0.5,"4cat"
63,7,0.5,"4cat"
63,8,0.357142857142857,"4cat"
63,9,0.5,"4cat"
63,10,0.285714285714286,"4cat"
64,1,0.5,"4cat"
64,2,0.428571428571429,"4cat"
64,3,0.5,"4cat"
64,4,0.785714285714286,"4cat"
64,5,0.5,"4cat"
64,6,0.785714285714286,"4cat"
64,7,0.714285714285714,"4cat"
64,8,0.642857142857143,"4cat"
64,9,0.714285714285714,"4cat"
64,10,1,"4cat"
65,1,0.5,"4cat"
65,2,0.785714285714286,"4cat"
65,3,0.642857142857143,"4cat"
65,4,0.642857142857143,"4cat"
65,5,0.571428571428571,"4cat"
65,6,0.714285714285714,"4cat"
65,7,0.785714285714286,"4cat"
65,8,0.928571428571429,"4cat"
65,9,0.928571428571429,"4cat"
65,10,1,"4cat"
66,1,0.285714285714286,"4cat"
66,2,0.214285714285714,"4cat"
66,3,0.214285714285714,"4cat"
66,4,0.142857142857143,"4cat"
66,5,0.285714285714286,"4cat"
66,6,0.357142857142857,"4cat"
66,7,0.142857142857143,"4cat"
66,8,0.214285714285714,"4cat"
66,9,0.214285714285714,"4cat"
66,10,0.214285714285714,"4cat"
67,1,0.428571428571429,"4cat"
67,2,0.642857142857143,"4cat"
67,3,0.714285714285714,"4cat"
67,4,0.714285714285714,"4cat"
67,5,0.5,"4cat"
67,6,0.785714285714286,"4cat"
67,7,0.714285714285714,"4cat"
67,8,0.785714285714286,"4cat"
67,9,0.785714285714286,"4cat"
67,10,0.714285714285714,"4cat"
68,1,0.214285714285714,"4cat"
68,2,0.357142857142857,"4cat"
68,3,0.285714285714286,"4cat"
68,4,0.5,"4cat"
68,5,0.285714285714286,"4cat"
68,6,0.285714285714286,"4cat"
68,7,0.285714285714286,"4cat"
68,8,0.285714285714286,"4cat"
68,9,0.428571428571429,"4cat"
68,10,0.285714285714286,"4cat"
69,1,0.214285714285714,"4cat"
69,2,0.571428571428571,"4cat"
69,3,0.714285714285714,"4cat"
69,4,0.857142857142857,"4cat"
69,5,0.928571428571429,"4cat"
69,6,1,"4cat"
69,7,1,"4cat"
69,8,1,"4cat"
69,9,1,"4cat"
69,10,1,"4cat"
70,1,0.285714285714286,"4cat"
70,2,0.214285714285714,"4cat"
70,3,0.642857142857143,"4cat"
70,4,0.5,"4cat"
70,5,0.785714285714286,"4cat"
70,6,0.642857142857143,"4cat"
70,7,0.857142857142857,"4cat"
70,8,0.857142857142857,"4cat"
70,9,1,"4cat"
70,10,1,"4cat"
71,1,0.357142857142857,"4cat"
71,2,0.0714285714285714,"4cat"
71,3,0.357142857142857,"4cat"
71,4,0.428571428571429,"4cat"
71,5,0.5,"4cat"
71,6,0.642857142857143,"4cat"
71,7,0.571428571428571,"4cat"
71,8,0.571428571428571,"4cat"
71,9,0.5,"4cat"
71,10,0.642857142857143,"4cat"
72,1,0.428571428571429,"4cat"
72,2,0.357142857142857,"4cat"
72,3,0.571428571428571,"4cat"
72,4,0.571428571428571,"4cat"
72,5,0.642857142857143,"4cat"
72,6,0.571428571428571,"4cat"
72,7,0.5,"4cat"
72,8,0.642857142857143,"4cat"
72,9,0.357142857142857,"4cat"
72,10,0.642857142857143,"4cat"
73,1,0.571428571428571,"4cat"
73,2,0.785714285714286,"4cat"
73,3,1,"4cat"
73,4,0.785714285714286,"4cat"
73,5,0.928571428571429,"4cat"
73,6,1,"4cat"
73,7,1,"4cat"
73,8,1,"4cat"
73,9,1,"4cat"
73,10,1,"4cat"
74,1,0.571428571428571,"4cat"
74,2,0.428571428571429,"4cat"
74,3,0.571428571428571,"4cat"
74,4,0.5,"4cat"
74,5,0.714285714285714,"4cat"
74,6,0.714285714285714,"4cat"
74,7,0.642857142857143,"4cat"
74,8,0.857142857142857,"4cat"
74,9,0.714285714285714,"4cat"
74,10,0.642857142857143,"4cat"
75,1,0.357142857142857,"4cat"
75,2,0.428571428571429,"4cat"
75,3,0.714285714285714,"4cat"
75,4,0.714285714285714,"4cat"
75,5,0.785714285714286,"4cat"
75,6,0.928571428571429,"4cat"
75,7,0.928571428571429,"4cat"
75,8,1,"4cat"
75,9,0.857142857142857,"4cat"
75,10,0.928571428571429,"4cat"
76,1,0.5,"4cat"
76,2,0.571428571428571,"4cat"
76,3,0.642857142857143,"4cat"
76,4,0.785714285714286,"4cat"
76,5,0.571428571428571,"4cat"
76,6,0.714285714285714,"4cat"
76,7,0.642857142857143,"4cat"
76,8,0.714285714285714,"4cat"
76,9,0.714285714285714,"4cat"
76,10,0.642857142857143,"4cat"
77,1,0.214285714285714,"4cat"
77,2,0.428571428571429,"4cat"
77,3,0.5,"4cat"
77,4,0.285714285714286,"4cat"
77,5,0.285714285714286,"4cat"
77,6,0.571428571428571,"4cat"
77,7,0.428571428571429,"4cat"
77,8,0.642857142857143,"4cat"
77,9,0.5,"4cat"
77,10,0.857142857142857,"4cat"
78,1,0.428571428571429,"4cat"
78,2,0.285714285714286,"4cat"
78,3,0.357142857142857,"4cat"
78,4,0.642857142857143,"4cat"
78,5,0.714285714285714,"4cat"
78,6,0.928571428571429,"4cat"
78,7,0.785714285714286,"4cat"
78,8,0.928571428571429,"4cat"
78,9,0.928571428571429,"4cat"
78,10,1,"4cat"
79,1,0.428571428571429,"4cat"
79,2,0.357142857142857,"4cat"
79,3,0.357142857142857,"4cat"
79,4,0.285714285714286,"4cat"
79,5,0.357142857142857,"4cat"
79,6,0.357142857142857,"4cat"
79,7,0.571428571428571,"4cat"
79,8,0.785714285714286,"4cat"
79,9,0.5,"4cat"
79,10,0.928571428571429,"4cat"
80,1,0.142857142857143,"4cat"
80,2,0.142857142857143,"4cat"
80,3,0.142857142857143,"4cat"
80,4,0.571428571428571,"4cat"
80,5,0.642857142857143,"4cat"
80,6,0.642857142857143,"4cat"
80,7,0.5,"4cat"
80,8,0.428571428571429,"4cat"
80,9,0.5,"4cat"
80,10,0.642857142857143,"4cat"
81,1,0.5,"4cat"
81,2,0.5,"4cat"
81,3,0.785714285714286,"4cat"
81,4,0.714285714285714,"4cat"
81,5,0.714285714285714,"4cat"
81,6,0.642857142857143,"4cat"
81,7,0.714285714285714,"4cat"
81,8,0.571428571428571,"4cat"
81,9,0.928571428571429,"4cat"
81,10,1,"4cat"
82,1,0.214285714285714,"4cat"
82,2,0.214285714285714,"4cat"
82,3,0.357142857142857,"4cat"
82,4,0.214285714285714,"4cat"
82,5,0.142857142857143,"4cat"
82,6,0.5,"4cat"
82,7,0.571428571428571,"4cat"
82,8,0.571428571428571,"4cat"
82,9,0.714285714285714,"4cat"
82,10,0.714285714285714,"4cat"
83,1,0.642857142857143,"4cat"
83,2,0.714285714285714,"4cat"
83,3,0.785714285714286,"4cat"
83,4,0.857142857142857,"4cat"
83,5,0.928571428571429,"4cat"
83,6,1,"4cat"
83,7,0.785714285714286,"4cat"
83,8,0.714285714285714,"4cat"
83,9,0.928571428571429,"4cat"
83,10,0.928571428571429,"4cat"
84,1,0.428571428571429,"4cat"
84,2,0.285714285714286,"4cat"
84,3,0.428571428571429,"4cat"
84,4,0.5,"4cat"
84,5,0.857142857142857,"4cat"
84,6,0.5,"4cat"
84,7,0.785714285714286,"4cat"
84,8,0.928571428571429,"4cat"
84,9,1,"4cat"
84,10,1,"4cat"
85,1,0.142857142857143,"4cat"
85,2,0.642857142857143,"4cat"
85,3,0.857142857142857,"4cat"
85,4,0.928571428571429,"4cat"
85,5,0.857142857142857,"4cat"
85,6,1,"4cat"
85,7,0.785714285714286,"4cat"
85,8,0.928571428571429,"4cat"
85,9,0.857142857142857,"4cat"
85,10,1,"4cat"
86,1,0.214285714285714,"4cat"
86,2,0.571428571428571,"4cat"
86,3,0.785714285714286,"4cat"
86,4,0.857142857142857,"4cat"
86,5,0.428571428571429,"4cat"
86,6,0.642857142857143,"4cat"
86,7,0.642857142857143,"4cat"
86,8,0.714285714285714,"4cat"
86,9,0.785714285714286,"4cat"
86,10,0.428571428571429,"4cat"
87,1,0.571428571428571,"4cat"
87,2,0.857142857142857,"4cat"
87,3,0.857142857142857,"4cat"
87,4,0.714285714285714,"4cat"
87,5,0.785714285714286,"4cat"
87,6,0.857142857142857,"4cat"
87,7,0.857142857142857,"4cat"
87,8,0.928571428571429,"4cat"
87,9,0.785714285714286,"4cat"
87,10,0.857142857142857,"4cat"
88,1,0.214285714285714,"4cat"
88,2,0.5,"4cat"
88,3,0.714285714285714,"4cat"
88,4,0.642857142857143,"4cat"
88,5,0.857142857142857,"4cat"
88,6,0.642857142857143,"4cat"
88,7,0.642857142857143,"4cat"
88,8,0.642857142857143,"4cat"
88,9,0.714285714285714,"4cat"
88,10,0.571428571428571,"4cat"
89,1,0.285714285714286,"4cat"
89,2,0.642857142857143,"4cat"
89,3,0.785714285714286,"4cat"
89,4,0.642857142857143,"4cat"
89,5,1,"4cat"
89,6,1,"4cat"
89,7,1,"4cat"
89,8,1,"4cat"
89,9,1,"4cat"
89,10,1,"4cat"
90,1,0.571428571428571,"4cat"
90,2,0.214285714285714,"4cat"
90,3,0.285714285714286,"4cat"
90,4,0.285714285714286,"4cat"
90,5,0.285714285714286,"4cat"
90,6,0.142857142857143,"4cat"
90,7,0.142857142857143,"4cat"
90,8,0.214285714285714,"4cat"
90,9,0.357142857142857,"4cat"
90,10,0.5,"4cat"
91,1,0.571428571428571,"4cat"
91,2,0.642857142857143,"4cat"
91,3,0.785714285714286,"4cat"
91,4,0.857142857142857,"4cat"
91,5,0.642857142857143,"4cat"
91,6,0.714285714285714,"4cat"
91,7,1,"4cat"
91,8,1,"4cat"
91,9,1,"4cat"
91,10,1,"4cat"
92,1,0.214285714285714,"4cat"
92,2,0.214285714285714,"4cat"
92,3,0.285714285714286,"4cat"
92,4,0.571428571428571,"4cat"
92,5,0.857142857142857,"4cat"
92,6,0.928571428571429,"4cat"
92,7,0.857142857142857,"4cat"
92,8,0.857142857142857,"4cat"
92,9,0.928571428571429,"4cat"
92,10,1,"4cat"
93,1,0.857142857142857,"4cat"
93,2,0.714285714285714,"4cat"
93,3,0.785714285714286,"4cat"
93,4,0.785714285714286,"4cat"
93,5,0.857142857142857,"4cat"
93,6,0.928571428571429,"4cat"
93,7,1,"4cat"
93,8,0.928571428571429,"4cat"
93,9,1,"4cat"
93,10,1,"4cat"
94,1,0.357142857142857,"4cat"
94,2,0.285714285714286,"4cat"
94,3,0.428571428571429,"4cat"
94,4,0.714285714285714,"4cat"
94,5,0.714285714285714,"4cat"
94,6,0.714285714285714,"4cat"
94,7,1,"4cat"
94,8,1,"4cat"
94,9,1,"4cat"
94,10,1,"4cat"
95,1,0.428571428571429,"4cat"
95,2,0.642857142857143,"4cat"
95,3,0.571428571428571,"4cat"
95,4,0.714285714285714,"4cat"
95,5,0.714285714285714,"4cat"
95,6,0.5,"4cat"
95,7,0.714285714285714,"4cat"
95,8,0.785714285714286,"4cat"
95,9,1,"4cat"
95,10,0.928571428571429,"4cat"
96,1,0.357142857142857,"4cat"
96,2,0.714285714285714,"4cat"
96,3,0.642857142857143,"4cat"
96,4,0.5,"4cat"
96,5,0.642857142857143,"4cat"
96,6,0.428571428571429,"4cat"
96,7,0.714285714285714,"4cat"
96,8,0.5,"4cat"
96,9,0.571428571428571,"4cat"
96,10,0.642857142857143,"4cat"
97,1,0.285714285714286,"4cat"
97,2,0.5,"4cat"
97,3,0.5,"4cat"
97,4,0.428571428571429,"4cat"
97,5,0.214285714285714,"4cat"
97,6,0.285714285714286,"4cat"
97,7,0.357142857142857,"4cat"
97,8,0.571428571428571,"4cat"
97,9,0.428571428571429,"4cat"
97,10,0.785714285714286,"4cat"
98,1,0.357142857142857,"4cat"
98,2,0.285714285714286,"4cat"
98,3,0.785714285714286,"4cat"
98,4,0.857142857142857,"4cat"
98,5,0.857142857142857,"4cat"
98,6,1,"4cat"
98,7,1,"4cat"
98,8,1,"4cat"
98,9,1,"4cat"
98,10,1,"4cat"
99,1,0.357142857142857,"4cat"
99,2,0.785714285714286,"4cat"
99,3,0.642857142857143,"4cat"
99,4,0.642857142857143,"4cat"
99,5,0.714285714285714,"4cat"
99,6,0.928571428571429,"4cat"
99,7,0.857142857142857,"4cat"
99,8,1,"4cat"
99,9,1,"4cat"
99,10,1,"4cat"
100,1,0.214285714285714,"4cat"
100,2,0.571428571428571,"4cat"
100,3,0.928571428571429,"4cat"
100,4,1,"4cat"
100,5,1,"4cat"
100,6,0.785714285714286,"4cat"
100,7,0.857142857142857,"4cat"
100,8,0.928571428571429,"4cat"
100,9,0.928571428571429,"4cat"
100,10,1,"4cat"
101,1,0.214285714285714,"4cat"
101,2,0.428571428571429,"4cat"
101,3,0.214285714285714,"4cat"
101,4,0.0714285714285714,"4cat"
101,5,0.357142857142857,"4cat"
101,6,0.285714285714286,"4cat"
101,7,0.571428571428571,"4cat"
101,8,0.714285714285714,"4cat"
101,9,0.785714285714286,"4cat"
101,10,0.785714285714286,"4cat"
102,1,0.0714285714285714,"4cat"
102,2,0.142857142857143,"4cat"
102,3,0.5,"4cat"
102,4,0.214285714285714,"4cat"
102,5,0.357142857142857,"4cat"
102,6,0.714285714285714,"4cat"
102,7,0.785714285714286,"4cat"
102,8,0.714285714285714,"4cat"
102,9,0.714285714285714,"4cat"
102,10,0.928571428571429,"4cat"
103,1,0.285714285714286,"4cat"
103,2,0.285714285714286,"4cat"
103,3,0.142857142857143,"4cat"
103,4,0.285714285714286,"4cat"
103,5,0.428571428571429,"4cat"
103,6,0.571428571428571,"4cat"
103,7,0.714285714285714,"4cat"
103,8,0.785714285714286,"4cat"
103,9,0.785714285714286,"4cat"
103,10,0.785714285714286,"4cat"
104,1,0.714285714285714,"4cat"
104,2,0.857142857142857,"4cat"
104,3,0.857142857142857,"4cat"
104,4,0.785714285714286,"4cat"
104,5,0.785714285714286,"4cat"
104,6,0.928571428571429,"4cat"
104,7,0.857142857142857,"4cat"
104,8,0.928571428571429,"4cat"
104,9,0.785714285714286,"4cat"
104,10,0.928571428571429,"4cat"
105,1,0.428571428571429,"4cat"
105,2,0.285714285714286,"4cat"
105,3,0.642857142857143,"4cat"
105,4,0.714285714285714,"4cat"
105,5,0.5,"4cat"
105,6,0.571428571428571,"4cat"
105,7,0.642857142857143,"4cat"
105,8,0.785714285714286,"4cat"
105,9,0.928571428571429,"4cat"
105,10,1,"4cat"
106,1,0.214285714285714,"4cat"
106,2,0.285714285714286,"4cat"
106,3,0.214285714285714,"4cat"
106,4,0.357142857142857,"4cat"
106,5,0.214285714285714,"4cat"
106,6,0.214285714285714,"4cat"
106,7,0.285714285714286,"4cat"
106,8,0.571428571428571,"4cat"
106,9,0.214285714285714,"4cat"
106,10,0.357142857142857,"4cat"
107,1,0.357142857142857,"4cat"
107,2,0.357142857142857,"4cat"
107,3,0.571428571428571,"4cat"
107,4,0.642857142857143,"4cat"
107,5,0.571428571428571,"4cat"
107,6,0.642857142857143,"4cat"
107,7,0.642857142857143,"4cat"
107,8,0.857142857142857,"4cat"
107,9,0.785714285714286,"4cat"
107,10,0.785714285714286,"4cat"
108,1,0.285714285714286,"4cat"
108,2,0.285714285714286,"4cat"
108,3,0.642857142857143,"4cat"
108,4,0.785714285714286,"4cat"
108,5,0.857142857142857,"4cat"
108,6,0.642857142857143,"4cat"
108,7,0.785714285714286,"4cat"
108,8,0.785714285714286,"4cat"
108,9,1,"4cat"
108,10,0.642857142857143,"4cat"
109,1,0.785714285714286,"4cat"
109,2,0.642857142857143,"4cat"
109,3,0.785714285714286,"4cat"
109,4,0.785714285714286,"4cat"
109,5,0.785714285714286,"4cat"
109,6,1,"4cat"
109,7,0.857142857142857,"4cat"
109,8,0.714285714285714,"4cat"
109,9,0.857142857142857,"4cat"
109,10,0.857142857142857,"4cat"
110,1,0.214285714285714,"4cat"
110,2,0.285714285714286,"4cat"
110,3,0.428571428571429,"4cat"
110,4,0.285714285714286,"4cat"
110,5,0.357142857142857,"4cat"
110,6,0.357142857142857,"4cat"
110,7,0.285714285714286,"4cat"
110,8,0.285714285714286,"4cat"
110,9,0.214285714285714,"4cat"
110,10,0.571428571428571,"4cat"
111,1,0.357142857142857,"4cat"
111,2,0.571428571428571,"4cat"
111,3,0.571428571428571,"4cat"
111,4,0.642857142857143,"4cat"
111,5,0.857142857142857,"4cat"
111,6,0.714285714285714,"4cat"
111,7,0.714285714285714,"4cat"
111,8,1,"4cat"
111,9,1,"4cat"
111,10,1,"4cat"
112,1,0.214285714285714,"4cat"
112,2,0.571428571428571,"4cat"
112,3,0.357142857142857,"4cat"
112,4,0.642857142857143,"4cat"
112,5,0.928571428571429,"4cat"
112,6,0.928571428571429,"4cat"
112,7,1,"4cat"
112,8,1,"4cat"
112,9,1,"4cat"
112,10,1,"4cat"
113,1,0.357142857142857,"4cat"
113,2,0.214285714285714,"4cat"
113,3,0.428571428571429,"4cat"
113,4,0.357142857142857,"4cat"
113,5,0.642857142857143,"4cat"
113,6,0.785714285714286,"4cat"
113,7,0.5,"4cat"
113,8,0.571428571428571,"4cat"
113,9,0.857142857142857,"4cat"
113,10,0.785714285714286,"4cat"
114,1,0.428571428571429,"4cat"
114,2,0.785714285714286,"4cat"
114,3,0.642857142857143,"4cat"
114,4,0.714285714285714,"4cat"
114,5,0.714285714285714,"4cat"
114,6,0.785714285714286,"4cat"
114,7,0.785714285714286,"4cat"
114,8,0.928571428571429,"4cat"
114,9,0.857142857142857,"4cat"
114,10,0.857142857142857,"4cat"
115,1,0.5,"4cat"
115,2,0.714285714285714,"4cat"
115,3,0.785714285714286,"4cat"
115,4,0.785714285714286,"4cat"
115,5,1,"4cat"
115,6,0.928571428571429,"4cat"
115,7,1,"4cat"
115,8,1,"4cat"
115,9,1,"4cat"
115,10,1,"4cat"
116,1,0.214285714285714,"4cat"
116,2,0.357142857142857,"4cat"
116,3,0.785714285714286,"4cat"
116,4,0.714285714285714,"4cat"
116,5,0.714285714285714,"4cat"
116,6,0.642857142857143,"4cat"
116,7,0.5,"4cat"
116,8,0.642857142857143,"4cat"
116,9,0.857142857142857,"4cat"
116,10,0.714285714285714,"4cat"
117,1,0.285714285714286,"4cat"
117,2,0.428571428571429,"4cat"
117,3,0.428571428571429,"4cat"
117,4,0.428571428571429,"4cat"
117,5,0.428571428571429,"4cat"
117,6,0.714285714285714,"4cat"
117,7,0.714285714285714,"4cat"
117,8,0.714285714285714,"4cat"
117,9,0.857142857142857,"4cat"
117,10,0.714285714285714,"4cat"
118,1,0.285714285714286,"4cat"
118,2,0.5,"4cat"
118,3,0.571428571428571,"4cat"
118,4,0.571428571428571,"4cat"
118,5,0.785714285714286,"4cat"
118,6,0.714285714285714,"4cat"
118,7,0.571428571428571,"4cat"
118,8,0.571428571428571,"4cat"
118,9,0.642857142857143,"4cat"
118,10,0.571428571428571,"4cat"
119,1,0.5,"4cat"
119,2,0.857142857142857,"4cat"
119,3,0.928571428571429,"4cat"
119,4,0.928571428571429,"4cat"
119,5,0.857142857142857,"4cat"
119,6,1,"4cat"
119,7,1,"4cat"
119,8,1,"4cat"
119,9,1,"4cat"
119,10,1,"4cat"
120,1,0.214285714285714,"4cat"
120,2,0.285714285714286,"4cat"
120,3,0.357142857142857,"4cat"
120,4,0.357142857142857,"4cat"
120,5,0.357142857142857,"4cat"
120,6,0.357142857142857,"4cat"
120,7,0.357142857142857,"4cat"
120,8,0.428571428571429,"4cat"
120,9,0.285714285714286,"4cat"
120,10,0.642857142857143,"4cat"
121,1,0.357142857142857,"4cat"
121,2,0.285714285714286,"4cat"
121,3,0.357142857142857,"4cat"
121,4,0.571428571428571,"4cat"
121,5,0.714285714285714,"4cat"
121,6,0.642857142857143,"4cat"
121,7,1,"4cat"
121,8,0.928571428571429,"4cat"
121,9,1,"4cat"
121,10,0.928571428571429,"4cat"
122,1,0.714285714285714,"4h"
122,2,0.928571428571429,"4h"
122,3,0.857142857142857,"4h"
122,4,1,"4h"
122,5,1,"4h"
122,6,1,"4h"
122,7,1,"4h"
122,8,1,"4h"
122,9,1,"4h"
122,10,1,"4h"
123,1,0.571428571428571,"4h"
123,2,1,"4h"
123,3,1,"4h"
123,4,0.785714285714286,"4h"
123,5,1,"4h"
123,6,1,"4h"
123,7,1,"4h"
123,8,1,"4h"
123,9,1,"4h"
123,10,1,"4h"
124,1,0.714285714285714,"4h"
124,2,1,"4h"
124,3,0.857142857142857,"4h"
124,4,0.785714285714286,"4h"
124,5,0.928571428571429,"4h"
124,6,1,"4h"
124,7,1,"4h"
124,8,0.928571428571429,"4h"
124,9,0.928571428571429,"4h"
124,10,0.857142857142857,"4h"
125,1,0.142857142857143,"4h"
125,2,0.285714285714286,"4h"
125,3,0.428571428571429,"4h"
125,4,0.785714285714286,"4h"
125,5,0.714285714285714,"4h"
125,6,0.785714285714286,"4h"
125,7,0.642857142857143,"4h"
125,8,0.857142857142857,"4h"
125,9,0.928571428571429,"4h"
125,10,1,"4h"
126,1,0.285714285714286,"4h"
126,2,0,"4h"
126,3,0.214285714285714,"4h"
126,4,0.285714285714286,"4h"
126,5,0.214285714285714,"4h"
126,6,0.0714285714285714,"4h"
126,7,0.428571428571429,"4h"
126,8,0.428571428571429,"4h"
126,9,0.642857142857143,"4h"
126,10,0.5,"4h"
127,1,0.714285714285714,"4h"
127,2,0.928571428571429,"4h"
127,3,1,"4h"
127,4,1,"4h"
127,5,1,"4h"
127,6,1,"4h"
127,7,1,"4h"
127,8,1,"4h"
127,9,1,"4h"
127,10,1,"4h"
128,1,0.214285714285714,"4h"
128,2,0.285714285714286,"4h"
128,3,0.0714285714285714,"4h"
128,4,0.285714285714286,"4h"
128,5,0.357142857142857,"4h"
128,6,0.857142857142857,"4h"
128,7,1,"4h"
128,8,1,"4h"
128,9,1,"4h"
128,10,1,"4h"
129,1,0.285714285714286,"4h"
129,2,0.785714285714286,"4h"
129,3,0.642857142857143,"4h"
129,4,0.785714285714286,"4h"
129,5,0.714285714285714,"4h"
129,6,0.928571428571429,"4h"
129,7,0.785714285714286,"4h"
129,8,0.928571428571429,"4h"
129,9,1,"4h"
129,10,0.928571428571429,"4h"
130,1,0.285714285714286,"4h"
130,2,0.428571428571429,"4h"
130,3,0.714285714285714,"4h"
130,4,0.857142857142857,"4h"
130,5,0.928571428571429,"4h"
130,6,1,"4h"
130,7,1,"4h"
130,8,0.857142857142857,"4h"
130,9,1,"4h"
130,10,0.928571428571429,"4h"
131,1,0.428571428571429,"4h"
131,2,0.0714285714285714,"4h"
131,3,0.142857142857143,"4h"
131,4,0.5,"4h"
131,5,0.214285714285714,"4h"
131,6,0.357142857142857,"4h"
131,7,0.5,"4h"
131,8,0.214285714285714,"4h"
131,9,0.428571428571429,"4h"
131,10,0.428571428571429,"4h"
132,1,0.357142857142857,"4h"
132,2,0.714285714285714,"4h"
132,3,0.928571428571429,"4h"
132,4,1,"4h"
132,5,1,"4h"
132,6,1,"4h"
132,7,1,"4h"
132,8,1,"4h"
132,9,1,"4h"
132,10,1,"4h"
133,1,0.428571428571429,"4h"
133,2,0.857142857142857,"4h"
133,3,0.928571428571429,"4h"
133,4,1,"4h"
133,5,1,"4h"
133,6,1,"4h"
133,7,1,"4h"
133,8,1,"4h"
133,9,1,"4h"
133,10,1,"4h"
134,1,0.214285714285714,"4h"
134,2,0.357142857142857,"4h"
134,3,0.5,"4h"
134,4,0.214285714285714,"4h"
134,5,0.285714285714286,"4h"
134,6,0.428571428571429,"4h"
134,7,0.428571428571429,"4h"
134,8,0.785714285714286,"4h"
134,9,0.928571428571429,"4h"
134,10,0.928571428571429,"4h"
135,1,0.357142857142857,"4h"
135,2,0.357142857142857,"4h"
135,3,0.285714285714286,"4h"
135,4,0.214285714285714,"4h"
135,5,0.285714285714286,"4h"
135,6,0.214285714285714,"4h"
135,7,0.428571428571429,"4h"
135,8,0.285714285714286,"4h"
135,9,0.285714285714286,"4h"
135,10,0.285714285714286,"4h"
136,1,0.214285714285714,"4h"
136,2,0.142857142857143,"4h"
136,3,0.0714285714285714,"4h"
136,4,0.214285714285714,"4h"
136,5,0.142857142857143,"4h"
136,6,0.5,"4h"
136,7,0.5,"4h"
136,8,0.714285714285714,"4h"
136,9,1,"4h"
136,10,1,"4h"
137,1,0.357142857142857,"4h"
137,2,0.285714285714286,"4h"
137,3,0.5,"4h"
137,4,0.5,"4h"
137,5,0.5,"4h"
137,6,0.714285714285714,"4h"
137,7,0.5,"4h"
137,8,0.642857142857143,"4h"
137,9,0.642857142857143,"4h"
137,10,0.928571428571429,"4h"
138,1,0.142857142857143,"4h"
138,2,0.142857142857143,"4h"
138,3,0.285714285714286,"4h"
138,4,0.285714285714286,"4h"
138,5,0.285714285714286,"4h"
138,6,0.357142857142857,"4h"
138,7,0.285714285714286,"4h"
138,8,0.142857142857143,"4h"
138,9,0.357142857142857,"4h"
138,10,0.571428571428571,"4h"
139,1,0.357142857142857,"4h"
139,2,0.357142857142857,"4h"
139,3,0.714285714285714,"4h"
139,4,0.785714285714286,"4h"
139,5,1,"4h"
139,6,0.928571428571429,"4h"
139,7,1,"4h"
139,8,1,"4h"
139,9,1,"4h"
139,10,1,"4h"
140,1,0.285714285714286,"4h"
140,2,0.428571428571429,"4h"
140,3,0.857142857142857,"4h"
140,4,1,"4h"
140,5,1,"4h"
140,6,1,"4h"
140,7,1,"4h"
140,8,1,"4h"
140,9,1,"4h"
140,10,1,"4h"
141,1,0.142857142857143,"4h"
141,2,0.285714285714286,"4h"
141,3,0.357142857142857,"4h"
141,4,0.357142857142857,"4h"
141,5,0.428571428571429,"4h"
141,6,0.642857142857143,"4h"
141,7,0.357142857142857,"4h"
141,8,0.785714285714286,"4h"
141,9,0.5,"4h"
141,10,0.857142857142857,"4h"
142,1,0.142857142857143,"4h"
142,2,0.214285714285714,"4h"
142,3,0.285714285714286,"4h"
142,4,0.214285714285714,"4h"
142,5,0.571428571428571,"4h"
142,6,0.928571428571429,"4h"
142,7,1,"4h"
142,8,1,"4h"
142,9,1,"4h"
142,10,1,"4h"
143,1,0.0714285714285714,"4h"
143,2,0.142857142857143,"4h"
143,3,0.285714285714286,"4h"
143,4,0.714285714285714,"4h"
143,5,0.5,"4h"
143,6,0.357142857142857,"4h"
143,7,0.5,"4h"
143,8,0.857142857142857,"4h"
143,9,0.714285714285714,"4h"
143,10,0.642857142857143,"4h"
144,1,0.142857142857143,"4h"
144,2,0.428571428571429,"4h"
144,3,0.142857142857143,"4h"
144,4,0.214285714285714,"4h"
144,5,0.285714285714286,"4h"
144,6,0.214285714285714,"4h"
144,7,0.285714285714286,"4h"
144,8,0.357142857142857,"4h"
144,9,0.214285714285714,"4h"
144,10,0.214285714285714,"4h"
145,1,0.285714285714286,"4h"
145,2,0.714285714285714,"4h"
145,3,0.928571428571429,"4h"
145,4,0.928571428571429,"4h"
145,5,1,"4h"
145,6,0.928571428571429,"4h"
145,7,1,"4h"
145,8,1,"4h"
145,9,1,"4h"
145,10,1,"4h"
146,1,0.357142857142857,"4h"
146,2,0.642857142857143,"4h"
146,3,1,"4h"
146,4,1,"4h"
146,5,1,"4h"
146,6,1,"4h"
146,7,1,"4h"
146,8,1,"4h"
146,9,1,"4h"
146,10,1,"4h"
147,1,0.428571428571429,"4h"
147,2,0.857142857142857,"4h"
147,3,0.928571428571429,"4h"
147,4,1,"4h"
147,5,1,"4h"
147,6,0.928571428571429,"4h"
147,7,1,"4h"
147,8,1,"4h"
147,9,0.928571428571429,"4h"
147,10,1,"4h"
148,1,0.214285714285714,"4h"
148,2,0.285714285714286,"4h"
148,3,0.714285714285714,"4h"
148,4,1,"4h"
148,5,1,"4h"
148,6,1,"4h"
148,7,1,"4h"
148,8,1,"4h"
148,9,1,"4h"
148,10,1,"4h"
149,1,0.214285714285714,"4vl"
149,2,0.428571428571429,"4vl"
149,3,0.357142857142857,"4vl"
149,4,0.285714285714286,"4vl"
149,5,0.285714285714286,"4vl"
149,6,0.857142857142857,"4vl"
149,7,0.642857142857143,"4vl"
149,8,0.5,"4vl"
149,9,0.857142857142857,"4vl"
149,10,0.785714285714286,"4vl"
150,1,0.0714285714285714,"4vl"
150,2,0.571428571428571,"4vl"
150,3,0.214285714285714,"4vl"
150,4,0.357142857142857,"4vl"
150,5,0.285714285714286,"4vl"
150,6,0.285714285714286,"4vl"
150,7,0.214285714285714,"4vl"
150,8,0.285714285714286,"4vl"
150,9,0.428571428571429,"4vl"
150,10,0.285714285714286,"4vl"
151,1,0.0714285714285714,"4vl"
151,2,0.428571428571429,"4vl"
151,3,0.357142857142857,"4vl"
151,4,0.285714285714286,"4vl"
151,5,0.285714285714286,"4vl"
151,6,0.571428571428571,"4vl"
151,7,0.571428571428571,"4vl"
151,8,0.857142857142857,"4vl"
151,9,0.928571428571429,"4vl"
151,10,0.857142857142857,"4vl"
152,1,0.0714285714285714,"4vl"
152,2,0.428571428571429,"4vl"
152,3,0.428571428571429,"4vl"
152,4,0.642857142857143,"4vl"
152,5,0.785714285714286,"4vl"
152,6,0.928571428571429,"4vl"
152,7,1,"4vl"
152,8,0.928571428571429,"4vl"
152,9,1,"4vl"
152,10,1,"4vl"
153,1,0.357142857142857,"4vl"
153,2,0.785714285714286,"4vl"
153,3,0.571428571428571,"4vl"
153,4,0.928571428571429,"4vl"
153,5,1,"4vl"
153,6,0.928571428571429,"4vl"
153,7,1,"4vl"
153,8,1,"4vl"
153,9,0.785714285714286,"4vl"
153,10,1,"4vl"
154,1,0.214285714285714,"4vl"
154,2,0.285714285714286,"4vl"
154,3,0.857142857142857,"4vl"
154,4,1,"4vl"
154,5,1,"4vl"
154,6,1,"4vl"
154,7,1,"4vl"
154,8,1,"4vl"
154,9,1,"4vl"
154,10,1,"4vl"
155,1,0.357142857142857,"4vl"
155,2,0.142857142857143,"4vl"
155,3,0.214285714285714,"4vl"
155,4,0.285714285714286,"4vl"
155,5,0.428571428571429,"4vl"
155,6,0.857142857142857,"4vl"
155,7,0.714285714285714,"4vl"
155,8,0.857142857142857,"4vl"
155,9,0.928571428571429,"4vl"
155,10,1,"4vl"
156,1,0.357142857142857,"4vl"
156,2,0.571428571428571,"4vl"
156,3,0.5,"4vl"
156,4,0.714285714285714,"4vl"
156,5,0.785714285714286,"4vl"
156,6,0.928571428571429,"4vl"
156,7,1,"4vl"
156,8,0.928571428571429,"4vl"
156,9,1,"4vl"
156,10,1,"4vl"
157,1,0.285714285714286,"4vl"
157,2,0.5,"4vl"
157,3,0.928571428571429,"4vl"
157,4,0.785714285714286,"4vl"
157,5,1,"4vl"
157,6,1,"4vl"
157,7,1,"4vl"
157,8,1,"4vl"
157,9,1,"4vl"
157,10,1,"4vl"
158,1,0.357142857142857,"4vl"
158,2,0.214285714285714,"4vl"
158,3,0.214285714285714,"4vl"
158,4,0.214285714285714,"4vl"
158,5,0.214285714285714,"4vl"
158,6,0.285714285714286,"4vl"
158,7,0.285714285714286,"4vl"
158,8,0.285714285714286,"4vl"
158,9,0.214285714285714,"4vl"
158,10,0.142857142857143,"4vl"
159,1,0.642857142857143,"4vl"
159,2,0.928571428571429,"4vl"
159,3,0.857142857142857,"4vl"
159,4,1,"4vl"
159,5,0.928571428571429,"4vl"
159,6,1,"4vl"
159,7,1,"4vl"
159,8,1,"4vl"
159,9,1,"4vl"
159,10,1,"4vl"
160,1,0.928571428571429,"4vl"
160,2,1,"4vl"
160,3,1,"4vl"
160,4,1,"4vl"
160,5,1,"4vl"
160,6,1,"4vl"
160,7,1,"4vl"
160,8,1,"4vl"
160,9,1,"4vl"
160,10,1,"4vl"
161,1,0.5,"4vl"
161,2,0.357142857142857,"4vl"
161,3,0.571428571428571,"4vl"
161,4,0.928571428571429,"4vl"
161,5,1,"4vl"
161,6,1,"4vl"
161,7,1,"4vl"
161,8,1,"4vl"
161,9,1,"4vl"
161,10,1,"4vl"
162,1,0.357142857142857,"4vl"
162,2,0.214285714285714,"4vl"
162,3,0.357142857142857,"4vl"
162,4,0.285714285714286,"4vl"
162,5,0.285714285714286,"4vl"
162,6,0.0714285714285714,"4vl"
162,7,0.214285714285714,"4vl"
162,8,0.214285714285714,"4vl"
162,9,0.214285714285714,"4vl"
162,10,0.357142857142857,"4vl"
163,1,0.0714285714285714,"4vl"
163,2,0.214285714285714,"4vl"
163,3,0.642857142857143,"4vl"
163,4,0.571428571428571,"4vl"
163,5,0.714285714285714,"4vl"
163,6,0.785714285714286,"4vl"
163,7,0.857142857142857,"4vl"
163,8,0.928571428571429,"4vl"
163,9,0.714285714285714,"4vl"
163,10,0.928571428571429,"4vl"
164,1,0.142857142857143,"4vl"
164,2,0.357142857142857,"4vl"
164,3,0.571428571428571,"4vl"
164,4,0.714285714285714,"4vl"
164,5,0.642857142857143,"4vl"
164,6,0.785714285714286,"4vl"
164,7,0.928571428571429,"4vl"
164,8,0.785714285714286,"4vl"
164,9,1,"4vl"
164,10,1,"4vl"
165,1,0.285714285714286,"4vl"
165,2,0.214285714285714,"4vl"
165,3,0.428571428571429,"4vl"
165,4,0.5,"4vl"
165,5,0.428571428571429,"4vl"
165,6,0.857142857142857,"4vl"
165,7,1,"4vl"
165,8,1,"4vl"
165,9,1,"4vl"
165,10,1,"4vl"
166,1,0.571428571428571,"4vl"
166,2,0.928571428571429,"4vl"
166,3,1,"4vl"
166,4,1,"4vl"
166,5,1,"4vl"
166,6,1,"4vl"
166,7,1,"4vl"
166,8,1,"4vl"
166,9,1,"4vl"
166,10,1,"4vl"
167,1,0.214285714285714,"4vl"
167,2,0.428571428571429,"4vl"
167,3,0.857142857142857,"4vl"
167,4,1,"4vl"
167,5,1,"4vl"
167,6,1,"4vl"
167,7,1,"4vl"
167,8,1,"4vl"
167,9,1,"4vl"
167,10,1,"4vl"
168,1,0.428571428571429,"4vl"
168,2,0.428571428571429,"4vl"
168,3,0.642857142857143,"4vl"
168,4,0.714285714285714,"4vl"
168,5,0.928571428571429,"4vl"
168,6,0.928571428571429,"4vl"
168,7,1,"4vl"
168,8,0.857142857142857,"4vl"
168,9,1,"4vl"
168,10,1,"4vl"
169,1,0.428571428571429,"4vl"
169,2,0.357142857142857,"4vl"
169,3,0.357142857142857,"4vl"
169,4,0.571428571428571,"4vl"
169,5,0.714285714285714,"4vl"
169,6,0.714285714285714,"4vl"
169,7,0.857142857142857,"4vl"
169,8,0.785714285714286,"4vl"
169,9,0.785714285714286,"4vl"
169,10,0.928571428571429,"4vl"
170,1,0.285714285714286,"4vl"
170,2,0.428571428571429,"4vl"
170,3,1,"4vl"
170,4,0.928571428571429,"4vl"
170,5,1,"4vl"
170,6,1,"4vl"
170,7,0.928571428571429,"4vl"
170,8,0.928571428571429,"4vl"
170,9,1,"4vl"
170,10,0.928571428571429,"4vl"
171,1,0.142857142857143,"4vl"
171,2,0.214285714285714,"4vl"
171,3,0.142857142857143,"4vl"
171,4,0.0714285714285714,"4vl"
171,5,0.357142857142857,"4vl"
171,6,0.428571428571429,"4vl"
171,7,0.785714285714286,"4vl"
171,8,0.857142857142857,"4vl"
171,9,0.785714285714286,"4vl"
171,10,0.857142857142857,"4vl"
172,1,0.0714285714285714,"4vl"
172,2,0.5,"4vl"
172,3,0.785714285714286,"4vl"
172,4,0.642857142857143,"4vl"
172,5,0.928571428571429,"4vl"
172,6,0.928571428571429,"4vl"
172,7,1,"4vl"
172,8,1,"4vl"
172,9,0.928571428571429,"4vl"
172,10,0.928571428571429,"4vl"
173,1,0.5,"4vl"
173,2,0.928571428571429,"4vl"
173,3,0.928571428571429,"4vl"
173,4,0.857142857142857,"4vl"
173,5,1,"4vl"
173,6,1,"4vl"
173,7,1,"4vl"
173,8,1,"4vl"
173,9,1,"4vl"
173,10,1,"4vl"
174,1,0.714285714285714,"4vl"
174,2,1,"4vl"
174,3,1,"4vl"
174,4,1,"4vl"
174,5,1,"4vl"
174,6,1,"4vl"
174,7,1,"4vl"
174,8,1,"4vl"
174,9,1,"4vl"
174,10,1,"4vl"
175,1,0.285714285714286,"4vl"
175,2,0,"4vl"
175,3,0.785714285714286,"4vl"
175,4,0.928571428571429,"4vl"
175,5,0.857142857142857,"4vl"
175,6,1,"4vl"
175,7,1,"4vl"
175,8,1,"4vl"
175,9,1,"4vl"
175,10,1,"4vl"
176,1,0.214285714285714,"4vl"
176,2,0.214285714285714,"4vl"
176,3,0.428571428571429,"4vl"
176,4,0.785714285714286,"4vl"
176,5,0.857142857142857,"4vl"
176,6,0.928571428571429,"4vl"
176,7,1,"4vl"
176,8,1,"4vl"
176,9,1,"4vl"
176,10,1,"4vl"
177,1,0.214285714285714,"4vl"
177,2,0.428571428571429,"4vl"
177,3,0.785714285714286,"4vl"
177,4,0.857142857142857,"4vl"
177,5,1,"4vl"
177,6,1,"4vl"
177,7,1,"4vl"
177,8,1,"4vl"
177,9,1,"4vl"
177,10,1,"4vl"
178,1,0.285714285714286,"4vl"
178,2,0.142857142857143,"4vl"
178,3,0.428571428571429,"4vl"
178,4,0.357142857142857,"4vl"
178,5,0.642857142857143,"4vl"
178,6,0.857142857142857,"4vl"
178,7,0.714285714285714,"4vl"
178,8,0.928571428571429,"4vl"
178,9,1,"4vl"
178,10,1,"4vl"
179,1,0.142857142857143,"4vl"
179,2,0.785714285714286,"4vl"
179,3,0.857142857142857,"4vl"
179,4,0.785714285714286,"4vl"
179,5,0.928571428571429,"4vl"
179,6,0.928571428571429,"4vl"
179,7,1,"4vl"
179,8,0.928571428571429,"4vl"
179,9,1,"4vl"
179,10,1,"4vl"
